data1,data2,data3,data4,data5,data6,data7,data8,data9,data10,data11,data12,data13,data14,data15,data16,data17,data18,data19,data20,data21,data22,data23,data24,data25,data26,data27,data28,data29
0.132417496,0.249354171,0.463132762,0.71245705,1.044317524,1.333740807,1.717050476,1.908816407,2.743964274,3.546127347,3.721144908,5.168112176,5.60002475,7.075606115,9.034143057,10.04353722,13.12391435,17.14347581,19.59666543,26.130571,30.13780923,35.86919826,44.405439,50.50982535,73.7519858,81.84337201,100.5790415,126.1209604,148.8498827
